rank,name,zone,type,floor_in_export,trips,people,trips_per_person,share_of_L2,cumulative_share,share_of_mall,tier
1,B区L2-B1号扶梯+电梯厅,B,vertical,L2,5983,5232,1.14,0.1669,0.1669,0.0362,1
2,D区L2-D6号北通道入口,D,connection,L2,5744,5641,1.02,0.1602,0.3271,0.0347,1
3,B区L2-文化广场连接通道,B,connection,L2,5742,5529,1.04,0.1602,0.4873,0.0347,1
4,D区L2-D5号东通道入口,D,connection,L2,5577,5488,1.02,0.1556,0.6428,0.0337,1
5,C区L2-西连接通道,C,connection,L1,5568,5325,1.05,0.1553,0.7981,0.0337,1
6,C区L2-东连接通道,C,connection,L1,5384,3448,1.56,0.1502,0.9483,0.0325,1
7,A区1号入口扶梯（L1至L2）,A,vertical,L2,1238,930,1.33,0.0345,0.9828,0.0075,2
8,D区L2-D7号西侧联想通道入口,D,connection,L2,610,528,1.16,0.0170,0.9998,0.0037,3
9,D区L2-D8号西侧后海汇通道入口,D,connection,L2,6,6,1.00,0.0002,1.0000,0.0000,3
10,C区L2-腾创未来连接通道,C,connection,L1,0,0,0.00,0.0000,1.0000,0.0000,3
